<?xml version="1.0" encoding="utf-8"?>

<cyoaScript>
	<characterImages>
		<image id="character_andi">
			/storage/emulated/0/rhs/andi.png
		</image>
		<image id="character_mia">
			/storage/emulated/0/rhs/mia.png
		</image>
		<image id="character_devin">
			/storage/emulated/0/rhs/devin.png
		</image>
	</characterImages>
	<sceneImages>
		<image id="scene_coffee_shop_lobby">
			/storage/emulated/0/rhs/coffee_shop.png
		</image>
		<image id="scene_coffee_shop_exit">
			/storage/emulated/0/rhs/coffee_shop_exit.png
		</image>
		<image id="scene_coffee_shop_counter_bg">
			/storage/emulated/0/rhs/counter_bg.png
		</image>
		<image id="scene_coffee_shop_counter_fg">
			/storage/emulated/0/rhs/counter_fg.png
		</image>
	</sceneImages>
	<chapter title="Pro-prologue">
		<page id="1">
			<dialogue speaker="???" scene="" character="">
				We've spent a long time deliberating.
			</dialogue>
		</page>
		<page id="2">
			<dialogue speaker="???" scene="" character=""> 
				You're very lucky. You're in. But just know this...
			</dialogue>
		</page>
		<page id="3">
			<dialogue speaker="???" scene="" character=""> 
				Choose your actions very carefully. One wrong step and you're gone.
			</dialogue>
		</page>
		<page id="4">
			<dialogue speaker="???" scene="" character=""> 
				Do you agree to these terms?
			</dialogue>
		</page>
		<page id="5">
			<dialogue speaker="PC" scene="" character=""> 
				Yes. 
			</dialogue>
		</page>
		<page id="6">
			<choices id="CAREER">
				<choice action="SAVE_VALUE" action_value="Grifter">I will be your GRIFTER.</choice>
				<choice action="SAVE_VALUE" action_value="Bruiser">I will be your BRUISER.</choice>
				<choice action="SAVE_VALUE" action_value="Hacker">I will be your HACKER.</choice>
				<choice action="SAVE_VALUE" action_value="Thief">I will be your THIEF.</choice>
			</choices>
		</page>
		<page id="7">
			<dialogue speaker="???" scene="" character=""> 
				Very well. Wait for further instruction.
			</dialogue>
		</page>
		<page id="8">
			<dialogue speaker="NARRATOR" scene="" character=""> 
				You've been contracted to be the 
			</dialogue>
			<dialogue retrieve_value="CAREER"/>
			<dialogue speaker="NARRATOR" scene="" character=""> 
				for one of the most notorious white-collar crime syndicates in the world.
			</dialogue>
		</page>
		<page id="9">
			<dialogue speaker="NARRATOR" scene="" character=""> 
				Is this the right choice?
			</dialogue>
		</page>
	</chapter>
</cyoaScript>