<?xml version="1.0" encoding="utf-8"?>

<cyoaScript>
	<characterImages>
		<image id="character_andi">
			/storage/emulated/0/rhs/andi.png
		</image>
		<image id="character_mia">
			/storage/emulated/0/rhs/mia.png
		</image>
		<image id="character_devin">
			/storage/emulated/0/rhs/devin.png
		</image>
	</characterImages>
	<sceneImages>
		<image id="scene_coffee_shop_lobby">
			/storage/emulated/0/rhs/coffee_shop.png
		</image>
		<image id="scene_coffee_shop_exit">
			/storage/emulated/0/rhs/coffee_shop_exit.png
		</image>
		<image id="scene_coffee_shop_counter_bg">
			/storage/emulated/0/rhs/counter_bg.png
		</image>
		<image id="scene_coffee_shop_counter_fg">
			/storage/emulated/0/rhs/counter_fg.png
		</image>
	</sceneImages>
	<chapter title="Pro-prologue">
		<page id="10">
			<dialogue speaker="NARRATOR" scene="" character="">
				BEEP, BEEP, BEEP...
			</dialogue>
		</page>
		<page id="11">
			<dialogue speaker="Bobbi" scene="" character="">
				Meet me at LoboPajaro. ASAP.
			</dialogue>
		</page>
		<page id="12">
			<dialogue speaker="PC" scene="" character="">
				He sounds urgent. This can't be good.
			</dialogue>
		</page>
		<page id="13">
			<dialogue speaker="NARRATOR" scene="scene_coffee_shop_lobby" character="">
				It's late afternoon. It looks as if it's about to rain. The LoboPajaro Cafe is crowded.
			</dialogue>
		</page>
		<page id="14">
			<dialogue speaker="PC" scene="" character="">
				Hopefully Bobbi won't take too long. I wonder if the others are coming too.
			</dialogue>
		</page>
		<page id="15">
			<dialogue speaker="NARRATOR" scene="scene_coffee_shop_counter_bg" character="character_andi">
				You are at the front of the line. Time to order.
			</dialogue>
		</page>
		<page id="16">
			<dialogue speaker="Andi" scene="" character="">
				BEEP. Hello! What can I make for you today?
			</dialogue>
		</page>
		<page id="17">
			<choices id="FOOD">
				<choice action="SAVE_VALUE" action_value="Coffee">Coffee</choice>
				<choice action="SAVE_VALUE" action_value="Hot chocolate">Hot chocolate</choice>
				<choice action="SAVE_VALUE" action_value="Tea">Tea</choice>
				<choice action="SAVE_VALUE" action_value="Muffin">Muffin</choice>
			</choices>
		</page>
		<page id="18">
			<dialogue speaker="Andi" scene="" character=""> 
				Alright, one 
			</dialogue>
			<dialogue retrieve_value="FOOD"/>
			<dialogue speaker="Andi" scene="" character=""> 
				coming up. That'll be $4.00.
			</dialogue>
		</page>
		<page id="19">
			<dialogue speaker="NARRATOR" scene="scene_coffee_shop_lobby" character="remove">
				After paying the android, you turn to the look around the cafe.
			</dialogue>
		</page>
		<page id="20">
			<dialogue speaker="PC" scene="" character="">
				Still no Bobbi...
			</dialogue>
		</page>
		<page id="21">
			<dialogue speaker="Andi" scene="" character="character_andi">
				BEEP. Hey! Thanks for waiting.
			</dialogue>
		</page>
		<page id="22">
			<dialogue speaker="NARRATOR" scene="" character="">
				The android hands you your order. His head-screen returns from the text back to his face. His eye seems to wink at you.
			</dialogue>
		</page>
		<page id="23">
			<dialogue speaker="PC" scene="" character="">
				Thanks.
			</dialogue>
		</page>
		<page id="24">
			<dialogue speaker="NARRATOR" scene="" character="remove">
				You made your way to the last empty table and took out your phone.
			</dialogue>
		</page>
		<page id="25">
			<dialogue speaker="NARRATOR" scene="" character="">
				Still nothing.
			</dialogue>
		</page>
		<page id="26">
			<dialogue speaker="PC" scene="" character="">
				What should I do while I wait?
			</dialogue>
		</page>
		<page id="27">
			<choices id="WAITING">
				<choice action="SAVE_VALUE" action_value="Game">Play a game.</choice>
				<choice action="SAVE_VALUE" action_value="Newspaper">Read the newspaper.</choice>
				<choice action="SAVE_VALUE" action_value="Watch">People watch.</choice>
				<choice action="SAVE_VALUE" action_value="Music">Listen to music.</choice>
			</choices>
		</page>
		<page id="28">
			<dialogue speaker="Devin" scene="" character="character_devin">
				Heya, is it alright if I sit here? All the tables are full.
			</dialogue>
		</page>
		<page id="29">
			<dialogue speaker="NARRATOR" scene="" character="">
				You nod, gesturing for him to take a seat. Bobbi seemed to be taking his sweet time anyway.
			</dialogue>
		</page>
		<page id="30">
			<dialogue speaker="Devin" scene="" character="">
				Thanks! And, to be honest, you looked like the most interesting to talk to.
			</dialogue>
		</page>
		<page id="31">
			<dialogue speaker="Devin" scene="" character="">
				I'm Devin, by the way.
			</dialogue>
		</page>
		<page id="32">
			<dialogue speaker="PC" scene="" character="">
				I'm
			</dialogue>
			<dialogue retrieve_value="NAME"/>
		</page>
		<page id="33">
			<dialogue speaker="NARRATOR" scene="" character="">
				He smiles warmly at you before his phone goes off loudly.
			</dialogue>
		</page>
		<page id="34">
			<dialogue speaker="Devin" scene="" character="">
				Oh. Don't move, I'm going to take this.
			</dialogue>
		</page>
		<page id="35">
			<dialogue speaker="NARRATOR" scene="" character="remove">
				Devin walks outside to address his phone call. Maybe you should call Bobbi?
			</dialogue>
		</page>
		<page id="36">
			<dialogue speaker="NARRATOR" scene="" character="">
				... ... ...
			</dialogue>
		</page>
		<page id="37">
			<dialogue speaker="NARRATOR" scene="" character="">
				No answer, unfortunately. Maybe it's time to leave and solve this pickle in-person.
			</dialogue>
		</page>
		<page id="38">
			<dialogue speaker="NARRATOR" scene="" character="">
				But here comes Devin, still looking chipper.
			</dialogue>
		</page>
		<page id="38">
			<dialogue speaker="Devin" scene="" character="character_devin">
				Looks like it's about to rain outside, huh?
			</dialogue>
		</page>
		<page id="39">
			<dialogue speaker="PC" scene="" character="">
				Yeah, it does. I better get going before it starts pouring.
			</dialogue>
		</page>
		<page id="40">
			<dialogue speaker="Devin" scene="" character="">
				Ah, alright. It was nice to meet you. Come back soon.
			</dialogue>
		</page>
		<page id="41">
			<dialogue speaker="NARRATOR" scene="" character="">
				You nodded and gave Devin a short wave good-bye before heading for the door.
			</dialogue>
		</page>
		<page id="42">
			<dialogue speaker="NARRATOR" scene="scene_coffee_shop_exit" character="remove">
				It's more than a little strange that Bobbi is unresponsive. He's always on task; knows exactly what's coming up next.
			</dialogue>
		</page>
		<page id="43">
			<dialogue speaker="NARRATOR" scene="" character="">
				And it was more than a little obnoxious that he stood you up.
			</dialogue>
		</page>
		<page id="44">
			<dialogue speaker="NARRATOR" scene="" character="">
				You were mildly determined to get to the bottom of this.
			</dialogue>
		</page>
		<page id="45">
			<dialogue speaker="NARRATOR" scene="" character="">
				As you reached out to push the door open to exit the cafe, it violently slammed open before you could touch it.
			</dialogue>
		</page>
		<page id="46">
			<dialogue speaker="NARRATOR" scene="" character="">
				It threw you off balance, but you had survived. You looked up to see a pair of electric blue eyes.
			</dialogue>
		</page>
		<page id="47">
			<dialogue speaker="Mia" scene="" character="character_mia">
				Hey! Be careful.
			</dialogue>
		</page>
		<page id="48">
			<choices id="TO_MIA">
				<choice action="SAVE_VALUE" action_value="3">I'm so sorry!</choice>
				<choice action="SAVE_VALUE" action_value="2">Stay silent.</choice>
				<choice action="SAVE_VALUE" action_value="0">Glare at her.</choice>
				<choice action="SAVE_VALUE" action_value="2">Whoopsy!</choice>
			</choices>
		</page>
		<page id="49">
			<dialogue speaker="NARRATOR" scene="" character="">
				The woman shrugged and walked away, a few other people following her through the doorway.
			</dialogue>
		</page>
		<page id="49">
			<dialogue speaker="NARRATOR" scene="" character="remove">
				At this point, home seemed like a safer option.
			</dialogue>
		</page>
		<page id="50">
			<choices id="jump01">
				<choice action="JUMP_TO" action_value="52">Home sounds great.</choice>
				<choice action="JUMP_TO" action_value="51">I don't know about safe.</choice>
				<choice action="JUMP_TO" action_value="51">No, I want to stay out.</choice>
				<choice action="JUMP_TO" action_value="52">Yes, it's time for a nap.</choice>
			</choices>
		</page>
		<page id="51">
			<dialogue speaker="NARRATOR" scene="" character="" jump_to="53">
				You decide to go somewhere else then.
			</dialogue>
		</page>
		<page id="52">
			<dialogue speaker="NARRATOR" scene="" character="">
				You decide to go home then.
			</dialogue>
		</page>
		<page id="53">
			<dialogue speaker="NARRATOR" scene="" character="">
				Good luck in your travels.
			</dialogue>
		</page>
	</chapter>
</cyoaScript>